{
  "project_info": {
    "project_number": "1091337417526",
    "project_id": "projecttickets16",
    "storage_bucket": "projecttickets16.firebasestorage.app"
  },
  "client": [
    {
      "client_info": {
        "mobilesdk_app_id": "1:1091337417526:android:302b59d5ba4fe253bcb997",
        "android_client_info": {
          "package_name": "com.example.projecttickets"
        }
      },
      "oauth_client": [],
      "api_key": [
        {
          "current_key": "AIzaSyCbt9j_vSa-c3PdNYo9a3zD6wLCGY_nlk0"
        }
      ],
      "services": {
        "appinvite_service": {
          "other_platform_oauth_client": []
        }
      }
    }
  ],
  "configuration_version": "1"
}